CALSPEC_id,source_id,phot_g_mean_mag,phot_bp_mean_mag,phot_rp_mean_mag,bp_rp,phot_variable_flag,non_single_star,has_xp_continuous,phot_bp_n_obs,phot_rp_n_obs,ra_or,dec_or,radr3,decdr3,namefits,bestfitFLAG,COMMENT,Sp_simbad,Sp_calspec,Teff,logg,zeta,var,E_BV,RV
109_VIR,3655377057091634304,  3.7283771,  3.7357953,  3.6791286,  0.0566666,NOT_AVAILABLE,      0,false, 16, 16,     221.5621875000000216,       1.8928844444444444,     221.5616692829817396,       1.8927928769364972,109vir_stis_004.fits,  0,SAT,A0IIInn,A0III,   9730.0,   3.45,  -0.01,,   0.02,   3.10
10_LAC,1908095850396090880,  4.8254528,  4.7139649,  5.0169492, -0.3029842,NOT_AVAILABLE,      0,true, 50, 41,     339.8153291666666291,      39.0502697222222181,     339.8153178616346395,      39.0502452024007951,10lac_stis_007.fits,  0,DMS,O9V,O9V,  34200.0,   3.80,  -0.37,<0.23,   0.07,  99.00
16_CYG_B,2135550755683407232,  6.0734186,  6.4007215,  5.5745616,  0.8261600,NOT_AVAILABLE,      0,true, 29, 27,     295.4665541666666968,      50.5175247222222197,     295.4656128374423361,      50.5168016496982375,16cygb_stis_005.fits,  0,OK,G3V,G3V,   5820.0,   4.80,   0.16,<0.21,   0.02,   3.10
18_SCO,4345775217221821312,  5.3276510,  5.6549315,  4.8378544,  0.8170772,NOT_AVAILABLE,      0,true, 19, 17,     243.9052916666666988,      -8.3694394444444455,     243.9063360600599708,      -8.3716411615488013,18sco_stis_006.fits,  0,OK,G2Va,G2V,   6120.0,   4.90,   0.29,,   0.07,   3.10
1732526,1651137131123978112, 12.5153427, 12.5714874, 12.4144430,  0.1570444,NOT_AVAILABLE,      0,true, 36, 37,     263.2192916666667202,      71.0786444444444356,     263.2192963496160587,      71.0786326089252896,1732526_stisnic_008.fits,  1,OK,A4V,A4V,   8600.0,   4.10,  -0.33,1.40,   0.03,   3.10
17403462,1633143932573832448, 12.4608011, 12.5497608, 12.2901878,  0.2595730,NOT_AVAILABLE,      0,true, 39, 39,     265.1444958333333375,      65.4541027777777771,     265.1444359855501034,      65.4540883703819389,1740346_stisnic_005.fits,  1,OK,A6V,A6V,      0.0,   0.00,   0.00,,   0.00,   0.00
1743045,1634280312200704768, 13.4711504, 13.6078463, 13.2368307,  0.3710155,VARIABLE,      0,true,105,105,     265.7686916666666548,      66.9171277777777789,     265.7687029043779603,      66.9171161332906621,1743045_stisnic_008.fits,  0,VAR,A5V,A8III,   7380.0,   3.55,  -0.29,<1.32,   0.01,   3.10
2MASSJ17571324+6703409,1633585107317144960, 11.7669077, 11.8900509, 11.5464439,  0.3436069,NOT_AVAILABLE,      0,true, 35, 34,     269.3051333333333446,      67.0613213888888851,     269.3051437536860817,      67.0612637971275660,1757132_stiswfc_005.fits,  1,OK,A3V,A3V,   7380.0,   3.40,   0.05,<0.37,   0.00,   3.10
2MASSJ18022716+6043356,2158745262705810304, 11.9958010, 12.0237026, 11.9498949,  0.0738077,NOT_AVAILABLE,      0,true, 41, 41,     270.6132041666667192,      60.7265533333333352,     270.6132276878844323,      60.7265429458264592,1802271_stiswfcnic_005.fits,  1,OK,A2V,A2V,   8960.0,   4.05,  -0.41,<0.82,   0.01,   3.10
1805292,2161093682102883712, 12.2869501, 12.3421392, 12.1827669,  0.1593723,NOT_AVAILABLE,      0,true, 42, 39,     271.3719791666666197,      64.4644805555555536,     271.3719642653538813,      64.4645243997881323,1805292_stisnic_007.fits,  1,OK,A4V,A4V,   8650.0,   4.05,   0.07,<0.49,   0.04,   3.10
2MASSJ18083474+6927286,2260019315938461952, 12.0400524, 12.1321859, 11.8638315,  0.2683544,NOT_AVAILABLE,      0,true, 39, 39,     272.1447333333333631,      69.4579783333333296,     272.1447903730273197,      69.4580156024622966,1808347_stiswfc_005.fits,  0,OK,A3V,A3V,   7830.0,   3.75,  -0.78,1.65,   0.02,   3.10
1812095,2160839724980689408, 11.7166319, 11.8057041, 11.5481720,  0.2575321,NOT_AVAILABLE,      0,true, 37, 37,     273.0398625000000266,      63.4950722222222197,     273.0399037735449497,      63.4950776393342693,1812095_stisnic_007.fits,  1,OK,A3V,A3V,   7750.0,   3.55,   0.18,1.57,   0.00,   3.10
2MASSJ00361617+1821104,2794735086363871360, 17.4956360, 20.4429092, 15.9090519,  4.5338573,NOT_AVAILABLE,      0,true, 38, 47,       9.0671333333333326,      18.3528575000000025,       9.0713546410357502,      18.3534101381391395,2m003618_stiswfcnic_006.fits,  0,OK,L3.5,L3.5,      0.0,   0.00,   0.00,,   0.00,   0.00
2MASSJ05591914-1404488,2997171394834174976, 20.1297836, 21.4364014, 18.3486538,  3.0877476,NOT_AVAILABLE,      0,true, 18, 32,      89.8299458333333405,     -14.0803352777777775,      89.8325648390720772,     -14.0818382322198019,2m055914_stiswfcnic_005.fits,  0,OK,T4.5,T4.5,      0.0,   0.00,   0.00,,   0.00,   0.00
AGK+81_266,1144974578159253632, 11.8603268, 11.6857967, 12.2243700, -0.5385733,NOT_AVAILABLE,      0,true, 45, 43,     140.3299041666666653,      81.7243419444444470,     140.3295553027380436,      81.7241139006930553,agk_81d266_stisnic_007.fits,  1,OK,sdO,sdO,      0.0,   0.00,   0.00,,   0.00,   0.00
ALPHA_LYR,none,  0.0000000,  0.0000000,  0.0000000,  0.0000000,none,      0,none,  0,  0,     279.2347333333333950,      38.7836888888888893,       0.0000000000000000,       0.0000000000000000,alpha_lyr_stis_011.fits,  0,SAT,,A0V,   9550.0,   3.95,  99.99,,  99.99,  99.00
BD+02_3375,4376174445988280576,  9.7901487, 10.0581980,  9.3427477,  0.7154503,NOT_AVAILABLE,      0,true, 36, 39,     264.9399791666666601,       2.4165574999999997,     264.9383511425843380,       2.4168914786322846,bd02d3375_stis_007.fits,  0,ChP,A5,A5,   6120.0,   3.95,  -2.22,,   0.04,   3.10
BD-11_3759,6324325225803432320,  9.8949823, 11.5694294,  8.6461792,  2.9232502,NOT_AVAILABLE,      0,true, 20, 20,     218.5700500000000090,     -12.5195594444444449,     218.5684317569689199,     -12.5169238535928979,bd11d3759_stis_003.fits,  0,BIN,M3.5V,M3.5V,      0.0,   0.00,   0.00,,   0.00,   0.00
BD+21_0607,52624073910834176,  9.0934954,  9.3338442,  8.6768522,  0.6569920,NOT_AVAILABLE,      0,true, 50, 51,      63.6479833333333360,      22.3511813888888895,      63.6500275459857576,      22.3498409821458175,bd21d0607_stis_007.fits,  0,ChP,sdG0,F2,   6200.0,   3.90,  -1.71,,   0.01,   3.10
BD+26_2606,1267333012397454592,  9.5770473,  9.8244219,  9.1575661,  0.6668558,NOT_AVAILABLE,      0,true, 65, 63,     222.2598291666666626,      25.7025533333333343,     222.2597829538549092,      25.7009924863989063,bd26d2606_stis_007.fits,  0,BIN,A5,A5,   6150.0,   3.80,  -2.46,,   0.01,   3.10
BD+29_2091,731253779217024640, 10.1017380, 10.3872423,  9.6383467,  0.7488956,NOT_AVAILABLE,      0,true, 24, 24,     161.8465083333333325,      28.3988683333333327,     161.8474075647758070,      28.3952030766659611,bd29d2091_stis_007.fits,  1,OK,F5,F5,   5860.0,   4.25,  -1.70,,   0.00,   3.10
BD+54_1216,1032197606073957888,  9.5690498,  9.8213778,  9.1424742,  0.6789036,NOT_AVAILABLE,      0,true, 30, 31,     124.8440458333333396,      54.0860063888888902,     124.8437899195721599,      54.0832141458337787,bd54d1216_stis_006.fits,  1,OK,F4,sdF6,   6110.0,   4.05,  -1.47,,   0.00,   3.10
BD+60_1753,1435896975388228224,  9.6839123,  9.6884346,  9.6581879,  0.0302467,NOT_AVAILABLE,      1,true, 33, 33,     261.2178124999999795,      60.4307638888888832,     261.2178580668449399,      60.4307805541575078,bd60d1753_stiswfc_005.fits,  0,OK,A1V,A1V,   9420.0,   3.75,   0.11,<0.17,   0.01,   3.10
BD+17_47083,1776289248313154688,  9.3297033,  9.5795650,  8.9045820,  0.6749830,NOT_AVAILABLE,      0,false, 21, 20,     332.8807291666666970,      18.0928222222222210,     332.8830976254602092,      18.0930906551312205,bd_17d4708_stisnic_007.fits,  0,BIN,sdF8,sdF8,      0.0,   0.00,   0.00,,   0.00,   0.00
BD+75_325,1135587497636732672,  9.4850245,  9.3023729,  9.8299131, -0.5275402,NOT_AVAILABLE,      0,true, 51, 50,     122.7062083333333078,      74.9660922222222297,     122.7063319721068382,      74.9661392013712202,bd_75d325_stis_006.fits,  1,OK,sdO5,sdO5,      0.0,   0.00,   0.00,,   0.00,   0.00
C26202,5057499161282786432, 16.3656025, 16.6585732, 15.9132900,  0.7452831,NOT_AVAILABLE,      0,true,115,111,      53.1369708333333364,     -27.8634275000000002,      53.1370070931548710,     -27.8634334935376557,c26202_stiswfcnic_006.fits,  1,OK,,F8IV,   6150.0,   4.05,  -0.50,,   0.04,   3.10
DELTA_UMI,1724851173788449536,  4.3210907,  4.3420925,  4.2858257,  0.0562668,NOT_AVAILABLE,      0,true, 23, 22,     263.0541541666667058,      86.5864605555555471,     263.0549075144614335,      86.5866998413370652,delumi_stis_005.fits,  0,SAT,A1Van,A1V,   9220.0,   3.55,  -0.11,0.04,   0.01,   3.10
ETA1_DOR,5284258831636637440,  5.6942382,  5.6795406,  5.7047467, -0.0252061,NOT_AVAILABLE,      2,true, 39, 36,      91.5390916666666641,     -66.0396208333333306,      91.5392392675661739,     -66.0394958357367869,eta1dor_stis_005.fits,  0,BIN,A0V,A0V,  10150.0,   4.00,  -0.50,0.18,   0.00,   3.10
ETA_UMA,1510374147844219904,  1.8810190,  2.4719384,  2.3064141,  0.1655242,NOT_AVAILABLE,      0,false,  9,  9,     206.8851583333333224,      49.3132666666666637,     206.8843267438111866,      49.3132018072174958,etauma_stis_007.fits,  0,SAT,B3V,B3V,  17520.0,   4.50,  -0.08,,   0.00,  99.00
FEIGE110,2633603478379307904, 11.7725210, 11.6137171, 12.1028080, -0.4890909,NOT_AVAILABLE,      0,true, 27, 27,     349.9933333333333394,      -5.1656030555555557,     349.9932939389364037,      -5.1656057255894936,feige110_stisnic_008.fits,  1,OK,sdO8VIIIHe5,sdO,      0.0,   0.00,   0.00,,   0.00,   0.00
FEIGE34,781164326766404736, 11.1069555, 10.9302731, 11.4196196, -0.4893465,NOT_AVAILABLE,      0,true, 53, 52,     159.9030666666666605,      43.1025591666666656,     159.9031506339322561,      43.1024453451563474,feige34_stis_006.fits,  1,OK,sdOp,sdO,      0.0,   0.00,   0.00,,   0.00,   0.00
G191B2B,266077145295627520, 11.7184420, 11.5464220, 12.0706959, -0.5242739,NOT_AVAILABLE,      0,true, 39, 39,      76.3775750000000073,      52.8310886111111131,      76.3776688394675460,      52.8306735144628661,g191b2b_stiswfcnic_004.fits,  1,OK,DA.8,DA.8,  59000.0,   7.60,  99.99,,  99.99,  99.00
GD153,3944400490365194368, 13.3109264, 13.1507225, 13.6322451, -0.4815226,NOT_AVAILABLE,      0,true, 51, 50,     194.2596749999999872,      22.0312874999999977,     194.2594929277544793,      22.0303852601561303,gd153_stiswfcnic_004.fits,  1,OK,DA1.2,DA1.2,  40204.0,   7.82,  99.99,,  99.99,  99.00
GD71,3348071631670500736, 12.9997692, 12.8530951, 13.3054075, -0.4523125,NOT_AVAILABLE,      0,true, 26, 26,      88.1150833333333452,      15.8870080555555546,      88.1154373030648799,      15.8862393152329133,gd71_stiswfcnic_004.fits,  1,OK,DA1.5,DA1.5,  33301.0,   7.87,  99.99,,  99.99,  99.00
GJ754.1A,4201781696994073472, 12.2534933, 12.2560062, 12.2192173,  0.0367889,NOT_AVAILABLE,      0,true, 22, 21,     290.1455124999999953,      -7.6666850000000002,     290.1452376415211916,      -7.6674043043423437,gj7541a_stis_004.fits,  0,OK,DBQA5,DBQA5,  10650.0,   8.08,  99.99,,  99.99,  99.00
GRW+70_5824,1686708050268594944, 12.7722387, 12.6871138, 12.9656792, -0.2785654,VARIABLE,      0,true, 42, 41,     204.7103249999999832,      70.2854558333333301,     204.7050279142714828,      70.2853466792170849,grw_70d5824_stiswfcnic_003.fits,  0,OK,DA2.4,DA2.4,  20540.0,   7.90,   0.00,,   0.00,  99.00
HD009051,5040300909638155520,  8.6883421,  9.1326113,  8.0615387,  1.0710726,NOT_AVAILABLE,      0,true, 46, 44,      22.1937625000000018,     -24.3404005555555543,      22.1940223778034884,     -24.3404766832292836,hd009051_stis_008.fits,  1,OK,G6/8IIIwF5,G7III,   5320.0,   2.10,  -0.86,,   0.12,   3.10
HD031128,4881345510044485120,  8.9904594,  9.2535887,  8.5491400,  0.7044487,NOT_AVAILABLE,      0,true, 57, 56,      73.0412916666666661,     -27.0641500000000015,      73.0421129513901803,     -27.0642679490482827,hd031128_stis_007.fits,  1,OK,F3/5Vw,F4V,   6300.0,   4.50,  -1.19,,   0.05,   3.10
HD074000,5709390701922940416,  9.5340862,  9.7660685,  9.1305809,  0.6354876,NOT_AVAILABLE,      0,true, 63, 65,     130.2116833333333261,     -16.3451433333333327,     130.2133075945166354,     -16.3472943999264295,hd074000_stis_007.fits,  0,ChP,F2,sdF6,   6270.0,   3.90,  -2.07,,   0.00,   3.10
HD101452,5384905720847544192,  7.4970961,  7.6280270,  7.2342348,  0.3937922,NOT_AVAILABLE,      0,true, 81, 76,     175.0568833333333032,     -39.1465794444444413,     175.0566829435046827,     -39.1466692034890471,hd101452_stis_004.fits,  1,OK,A2/3(m)A8-F2,A2/3,   7410.0,   3.85,   0.25,<0.09,   0.03,   3.10
HD106252,3905603054348141440,  7.2773986,  7.5768566,  6.8035126,  0.7733440,NOT_AVAILABLE,      0,true, 45, 41,     183.3729583333333437,      10.0416352777777771,     183.3730616425118285,      10.0403913581077759,hd106252_stis_009.fits,  0,OK,G0,G0,   5980.0,   5.00,   0.06,,   0.02,   3.10
HD111980,3510294882898890880,  8.2253914,  8.5022945,  7.7487121,  0.7535825,NOT_AVAILABLE,      0,true, 30, 28,     193.3127208333333158,     -18.5222258333333336,     193.3141238601258749,     -18.5257629712105683,hd111980_stis_007.fits,  0,BIN,F7V,F7V,   6000.0,   3.65,  -0.99,,   0.03,   3.10
HD115169,6182594053814895872,  9.0967560,  9.4161253,  8.6046667,  0.8114586,NOT_AVAILABLE,      0,true, 33, 32,     198.9474500000000035,     -29.5058852777777787,     198.9468897031942163,     -29.5062495934544984,hd115169_stis_004.fits,  1,OK,G3V,G3V,   5710.0,   3.75,  -0.15,<0.11,   0.00,   3.10
HD116405,1550544530286455680,  8.3224049,  8.2827530,  8.3632069, -0.0804539,NOT_AVAILABLE,      0,true, 83, 80,     200.6880125000000135,      44.7149705555555599,     200.6880660648673427,      44.7149297756139461,hd116405_stis_007.fits,  1,OK,A0V,A0V,  10810.0,   4.00,  -0.27,<0.10,   0.00,   3.10
HD128998,1606779808402312320,  5.8210897,  5.8130589,  5.8017464,  0.0113125,NOT_AVAILABLE,      0,true, 40, 37,     219.5634249999999952,      54.0233402777777769,     219.5635507159985309,      54.0232576758798331,hd128998_stis_004.fits,  0,OK,A1V,A1V,   9540.0,   3.60,  -0.53,0.05,   0.00,   3.10
HD142331,4347960427864280576,  8.5646143,  8.9007568,  8.0566683,  0.8440886,NOT_AVAILABLE,      0,false, 37, 36,     238.5824499999999944,      -8.5803808333333329,     238.5819754089791616,      -8.5804856017928213,hd142331_stis_006.fits,  0,OK,G5V,G5V,   5900.0,   4.95,   0.22,,   0.05,   3.10
HD14943,4746011090546864640,  5.8794646,  5.9611754,  5.7075291,  0.2536464,NOT_AVAILABLE,      0,true, 47, 47,      35.7278124999999989,     -51.0921277777777831,      35.7279706236140981,     -51.0918329361949901,hd14943_stis_006.fits,  0,DMS,A5V,A5V,   7840.0,   3.80,   0.04,0.05,   0.00,   3.10
HD158485,1434752727380965760,  6.4762955,  6.5349555,  6.3445063,  0.1904492,NOT_AVAILABLE,      0,true, 32, 29,     261.5201541666666571,      58.6518977777777764,     261.5200765205241851,      58.6519627297992372,hd158485_stis_006.fits,  0,OK,A4V,A4V,   8570.0,   4.20,  -0.28,0.42,   0.04,   3.10
HD159222,1335880415564253312,  6.3771229,  6.6885324,  5.8954759,  0.7930565,NOT_AVAILABLE,      0,true, 40, 35,     263.0041333333333569,      34.2711483333333291,     263.0028399906697132,      34.2714305852942331,hd159222_stis_009.fits,  1,OK,G1V,G1V,   6040.0,   5.00,   0.31,,   0.04,   3.10
HD160617,5957698605530828032,  8.5856571,  8.8414412,  8.1493654,  0.6920757,NOT_AVAILABLE,      0,true, 52, 48,     265.7055124999999975,     -40.3209733333333347,     265.7051512628297587,     -40.3227215532580843,hd160617_stis_006.fits,  0,ChP,G0,F,   6040.0,   3.50,  -1.79,,   0.01,   3.10
HD163466,1435190745326633984,  6.8304276,  6.9163818,  6.6511374,  0.2652445,NOT_AVAILABLE,      0,true, 30, 28,     268.1057250000000067,      60.3963719444444465,     268.1057076450911154,      60.3965619474233222,hd163466_stis_006.fits,  0,OK,A2,A6V,   7870.0,   3.65,  -0.34,0.17,   0.02,   3.10
HD1654595,2152139190687051008,  6.8500319,  6.8960466,  6.7397447,  0.1563020,NOT_AVAILABLE,      0,true, 31, 31,     270.6280874999999924,      58.6272666666666638,     270.6279761160698740,      58.6273753148288819,hd165459_stisnic_007.fits,  0,OK,A1V,A4V,   8520.0,   4.20,   0.11,,   0.02,   3.10
HD167060,6634011506225360640,  8.7859402,  9.0972719,  8.3053312,  0.7919407,NOT_AVAILABLE,      0,true, 43, 42,     274.4339291666666441,     -61.7087833333333364,     274.4347593039627782,     -61.7094292396063580,hd167060_stis_006.fits,  1,OK,G3V,G3V,   6110.0,   4.40,   0.17,<0.09,   0.06,   3.10
HD172728,2160077939517532544,  5.7176337,  5.6931252,  5.7371311, -0.0440059,NOT_AVAILABLE,      0,true, 19, 20,     279.3896541666666735,      62.5265758333333324,     279.3895693485052902,      62.5267962574370557,hd172728_stis_003.fits,  0,OK,A0V,A0V,  10580.0,   3.75,  -0.03,,   0.01,   3.10
HD180609,2254144423451326080,  9.4164467,  9.4684935,  9.2979584,  0.1705351,NOT_AVAILABLE,      0,true, 67, 71,     288.1966666666666583,      64.1769936111111150,     288.1966335506685937,      64.1769582733467701,hd180609_stis_007.fits,  1,OK,A0V,A0V,   8500.0,   4.00,  -0.41,<0.13,   0.03,   3.10
HD185975,6342346358822630400,  7.9423928,  8.2779951,  7.4330344,  0.8449607,NOT_AVAILABLE,      0,true, 46, 49,     307.0780833333333248,     -87.4722050000000024,     307.0951912854079069,     -87.4724585641460521,hd185975_stis_008.fits,  1,OK,G3V,G3V,   5650.0,   4.20,   0.07,,   0.00,   3.10
HD200654,6477295296414847232,  8.8851786,  9.2457256,  8.3321772,  0.9135485,NOT_AVAILABLE,      0,true, 51, 54,     316.6447958333333759,     -49.9639666666666713,     316.6461372399498373,     -49.9651847099364801,hd200654_stis_008.fits,  0,ChP,CEMP,G,   5440.0,   2.75,  -2.46,,   0.05,   3.10
HD200775,2270245431209611776,  7.1798654,  7.4341650,  6.7113237,  0.7228413,VARIABLE,      0,false, 40, 39,     315.4038374999999519,      68.1632749999999987,     315.4039265099901286,      68.1632623464514893,hd200775_stis_001.fits,  0,HeAB,B2Ve,B2Ve,      0.0,   0.00,   0.00,,   0.00,   0.00
HD205905,6810896745007524736,  6.6017141,  6.9044824,  6.1270404,  0.7774420,NOT_AVAILABLE,      0,true, 50, 46,     324.7922958333333554,     -27.3065730555555568,     324.7942172358937114,     -27.3069471474000807,hd205905_stis_010.fits,  0,OK,G1.5IV-V,G2V,   6240.0,   5.00,   0.36,0.26,   0.07,   3.10
HD2094586,1779546757669063552,  7.5212455,  7.7932835,  7.0802879,  0.7129955,VARIABLE,      0,true, 21, 19,     330.7948875000000157,      18.8843191666666677,     330.7950262642414714,      18.8842393829038286,hd209458_stisnic_008.fits,  0,VAR,F9V,G0V,   6110.0,   4.15,   0.00,,   0.00,  99.00
HD2811,4992412432308644224,  7.4997554,  7.5711908,  7.3364954,  0.2346954,NOT_AVAILABLE,      0,true, 63, 59,       7.8270416666666680,     -43.6063883333333351,       7.8270043604566188,     -43.6064075730975560,hd2811_stis_005.fits,  1,OK,A3V,A3V,   7940.0,   3.55,  -0.29,,   0.02,   3.10
HD37725,3444212584803426048,  8.3088837,  8.3793602,  8.1539621,  0.2253981,NOT_AVAILABLE,      0,true, 53, 52,      85.4765416666666766,      29.2974875000000026,      85.4766170306891127,      29.2973683705601182,hd37725_stiswfc_005.fits,  1,OK,A3V,A3V,   8330.0,   4.25,  -0.15,0.13,   0.04,   3.10
HD37962,2902205991429301888,  7.6904383,  8.0098162,  7.1947718,  0.8150444,NOT_AVAILABLE,      0,true, 46, 44,      85.2165250000000043,     -31.3511072222222253,      85.2162142588180700,     -31.3527301875496214,hd37962_stis_011.fits,  1,OK,G2V,G2V,   5880.0,   4.80,  -0.02,<0.09,   0.03,   3.10
HD38949,2915523482424724224,  7.6716800,  7.9537044,  7.2197580,  0.7339463,NOT_AVAILABLE,      0,true, 62, 62,      87.0835791666666665,     -24.4638480555555553,      87.0834300765209122,     -24.4640056807923187,hd38949_stis_008.fits,  1,OK,G1V,G1V,   6010.0,   4.75,  -0.08,1.17,   0.00,   3.10
HD55677,3167212139383161216,  9.4347153,  9.4699907,  9.3417578,  0.1282330,NOT_AVAILABLE,      0,true, 24, 25,     108.6303750000000008,      13.8602172222222215,     108.6303617798941019,      13.8601880134912641,hd55677_stis_005.fits,  1,OK,A4V,A4V,   8710.0,   3.80,  -0.84,0.24,   0.04,   3.10
HD607537,5493730399606077440,  6.6564989,  6.6062956,  6.6971402, -0.0908446,NOT_AVAILABLE,      0,true, 31, 29,     113.3638291666666618,     -50.5842544444444471,     113.3638074910176812,     -50.5842294715729679,hd60753_stis_004.fits,  0,OK,B3IV,B3IV,      0.0,   0.00,   0.00,,   0.00,   0.00
HD93521,775029739076581248,  6.9734440,  6.8313384,  7.2043676, -0.3730292,NOT_AVAILABLE,      0,true, 29, 24,     162.0979624999999942,      37.5703008333333344,     162.0979663421485100,      37.5703103984640094,hd93521_stis_007.fits,  0,OK,O9.5IIInn,O9Vp,  27750.0,   3.10,   0.30,,   0.00,  99.00
HS2027+0651,1748833236082347136, 16.6242714, 16.4839478, 16.8951988, -0.4112511,VARIABLE,      0,true, 42, 42,     307.3854416666666793,       7.0188052777777781,     307.3854829313364121,       7.0188128758772068,hs2027_stis_006.fits,  0,OK,DO,DO,      0.0,   0.00,   0.00,,   0.00,   0.00
HZ21,4016474027321256704, 14.6355734, 14.4533911, 14.9624996, -0.5091085,VARIABLE,      0,true, 32, 30,     183.4844333333333282,      32.9420441666666619,     183.4838989742950162,      32.9421783157602874,hz21_stis_007.fits,  0,OK,DO1,DO2,      0.0,   0.00,   0.00,,   0.00,   0.00
HZ438,1461833904932026368, 12.8568001, 12.6317358, 12.9669886, -0.3352528,NOT_AVAILABLE,      0,true, 77, 73,     199.0910541666666802,      29.0987252777777776,     199.0902516709756753,      29.0982490298595842,hz43_stis_005.fits,  0,OK,DAwk,DA,      0.0,   0.00,   0.00,,   0.00,   0.00
HZ43B8,1461833904930595968, 13.5928078, 14.2031555, 11.9899101,  2.2132454,NOT_AVAILABLE,      0,false, 13, 13,     199.0895333333333497,      29.0980583333333307,     199.0895316693303698,      29.0980582997465476,hz43b_stis_005.fits,  0,OK,M3.5Ve,M3Ve,      0.0,   0.00,   0.00,,   0.00,   0.00
HZ44,1473687671071803520, 11.6131954, 11.4427538, 11.9433174, -0.5005636,NOT_AVAILABLE,      0,true,101, 99,     200.8969291666666663,      36.1332066666666663,     200.8965657188696241,      36.1331871159112410,hz44_stis_006.fits,  1,OK,sdBN0VIIHe28,sdB,      0.0,   0.00,   0.00,,   0.00,   0.00
HZ4,3302846072717868416, 14.5478401, 14.5202618, 14.6349630, -0.1147013,VARIABLE,      0,true, 40, 38,      58.8416166666666669,       9.7883708333333335,      58.8423987810996678,       9.7883460846594357,hz4_stis_008.fits,  0,OK,DA3.4,DA3.4,      0.0,   0.00,   0.00,,   0.00,   0.00
2MASSJ17583798+6646522,1633376204407124352, 13.6196899, 14.2293158, 12.8753948,  1.3539209,NOT_AVAILABLE,      0,true,251,244,     269.6583083333333093,      66.7811422222222149,     269.6583177662346884,      66.7811227079220657,kf06t2_stiswfcnic_006.fits,  1,OK,K1.5III,K1.5III,      0.0,   0.00,   0.00,,   0.00,   0.00
KF08T3,1633294634388508416, 13.0450420, 13.5367765, 12.3948870,  1.1418896,NOT_AVAILABLE,      0,true,111,110,     268.8175666666666643,      66.1698916666666719,     268.8175893475595331,      66.1698623451300421,kf08t3_stisnic_005.fits,  1,OK,K0.5III,K0.5III,      0.0,   0.00,   0.00,,   0.00,   0.00
KSI2_CETI,22745910577134848,  4.2553577,  4.2396884,  4.2805800, -0.0408916,NOT_AVAILABLE,      0,true, 12, 12,      37.0398208333333372,       8.4600602777777762,      37.0399300386071033,       8.4600400598305399,ksi2ceti_stis_007.fits,  0,SAT,B9III,B9III,      0.0,   0.00,   0.00,,   0.00,   0.00
LAMBDA_LEP,2988329637719192960,  4.2184691,  4.1034460,  4.4746261, -0.3711801,NOT_AVAILABLE,      0,true, 50, 46,      79.8938500000000005,     -13.1767891666666657,      79.8938568265041766,     -13.1767907399292898,lamlep_stis_007.fits,  0,SAT,B0.5V,B0.5V,  29260.0,   4.00,  -0.26,0.35,   0.02,  99.00
LDS749B,2687733913283870336, 14.6432457, 14.6013374, 14.6941328, -0.0927954,NOT_AVAILABLE,      0,true, 42, 40,     323.0676374999999894,       0.2539997222222222,     323.0694730804228811,       0.2541207161133505,lds749b_stisnic_008.fits,  1,OK,DB4,DBQ4,  13906.0,   8.00,  99.99,,  99.99,  99.00
MU_COL,2901155648586891648,  5.1061826,  4.9635134,  5.3815207, -0.4180074,NOT_AVAILABLE,      0,true, 38, 34,      86.4995624999999961,     -32.3064333333333309,      86.4995797980886039,     -32.3065325226425557,mucol_stis_007.fits,  0,VAR,O9.5V,O9.5V,  33360.0,   3.95,  -0.21,0.12,   0.01,  99.00
NGC2506-G31,3038045185547143936, 17.7694988, 18.1717758, 17.2477798,  0.9239960,NOT_AVAILABLE,      0,false, 37, 37,     120.0592166666666714,     -10.7915194444444449,     120.0592186157309271,     -10.7915182340946121,ngc2506g31_stis_004.fits,  0,OK,,G1V,   5910.0,   5.00,   0.08,,   0.08,   3.10
NGC6681-1,6736897344744429696, 15.8078938,  0.0000000,  0.0000000,  0.0000000,NOT_AVAILABLE,      0,false,  0,  0,     280.8054958333333389,     -32.2903777777777776,     280.8054962037845144,     -32.2903798191494573,NGC6681_1_stis_002.fits,  0,SAT,,...,      0.0,   0.00,   0.00,,   0.00,   0.00
NGC6681-2,6736897344730729344, 16.2230320,  0.0000000,  0.0000000,  0.0000000,NOT_AVAILABLE,      0,false,  0,  0,     280.8048541666666438,     -32.2905055555555549,     280.8048558891820221,     -32.2905075214797250,NGC6681_2_stis_002.fits,  0,SAT,,...,      0.0,   0.00,   0.00,,   0.00,   0.00
NGC6681-3,6736897344744400768, 16.8222752,  0.0000000,  0.0000000,  0.0000000,NOT_AVAILABLE,      0,false,  0,  0,     280.8043374999999742,     -32.2903916666666646,     280.8043256269486960,     -32.2903873677440032,NGC6681_3_stis_002.fits,  0,SAT,,...,      0.0,   0.00,   0.00,,   0.00,   0.00
NGC6681-4,6736897344744400512, 15.9453459, 14.3830137, 13.8244476,  0.5585661,NOT_AVAILABLE,      0,false, 11, 11,     280.8037208333333297,     -32.2906750000000002,     280.8037107033706548,     -32.2906707021605826,NGC6681_4_stis_002.fits,  0,OK,,...,      0.0,   0.00,   0.00,,   0.00,   0.00
NGC6681-5,none,  0.0000000,  0.0000000,  0.0000000,  0.0000000,none,      0,none,  0,  0,     280.8036333333333232,     -32.2907111111111078,       0.0000000000000000,       0.0000000000000000,NGC6681_5_stis_002.fits,  0,OK,,...,      0.0,   0.00,   0.00,,   0.00,   0.00
NGC6681-6,6736897344730722432, 16.1960716,  0.0000000,  0.0000000,  0.0000000,NOT_AVAILABLE,      0,false,  0,  0,     280.8031458333333603,     -32.2904694444444402,     280.8031448146458615,     -32.2904706336636522,NGC6681_6_stis_002.fits,  0,SAT,,...,      0.0,   0.00,   0.00,,   0.00,   0.00
NGC6681-7,6736897344730687104, 14.6928921, 14.4244118, 13.3515511,  1.0728607,NOT_AVAILABLE,      0,true, 21, 23,     280.8026624999999967,     -32.2908583333333326,     280.8026659076160740,     -32.2908603379928465,NGC6681_7_stis_002.fits,  0,OK,,...,      0.0,   0.00,   0.00,,   0.00,   0.00
NGC6681-8,6736897344730694272, 16.9590473,  0.0000000,  0.0000000,  0.0000000,NOT_AVAILABLE,      0,false,  0,  0,     280.8011583333332624,     -32.2909749999999960,     280.8011601597768276,     -32.2909740469811410,NGC6681_8_stis_002.fits,  0,SAT,,...,      0.0,   0.00,   0.00,,   0.00,   0.00
NGC6681-9,6736897344744421504, 15.7754841,  0.0000000,  0.0000000,  0.0000000,NOT_AVAILABLE,      0,false,  0,  0,     280.8008291666666310,     -32.2908638888888859,     280.8008306546436756,     -32.2908655389652495,NGC6681_9_stis_002.fits,  0,SAT,,...,      0.0,   0.00,   0.00,,   0.00,   0.00
NGC6681-10,none,  0.0000000,  0.0000000,  0.0000000,  0.0000000,none,      0,none,  0,  0,     280.8006083333332867,     -32.2907166666666683,       0.0000000000000000,       0.0000000000000000,NGC6681_10_stis_002.fits,  0,SAT,,...,      0.0,   0.00,   0.00,,   0.00,   0.00
NGC6681-11,6736897344744418944, 13.8062735, 13.6711674, 12.5608387,  1.1103287,NOT_AVAILABLE,      0,false, 14, 14,     280.8002041666666742,     -32.2909777777777762,     280.8002079783804561,     -32.2907825865231857,NGC6681_11_stis_002.fits,  0,OK,,...,      0.0,   0.00,   0.00,,   0.00,   0.00
NGC6681-12,6736897344744398848, 15.5654974,  0.0000000,  0.0000000,  0.0000000,NOT_AVAILABLE,      0,false,  0,  0,     280.7995916666666290,     -32.2910861111111060,     280.7997271489172704,     -32.2910310315486484,NGC6681_12_stis_002.fits,  0,SAT,,...,      0.0,   0.00,   0.00,,   0.00,   0.00
P041C9,1698468284904574208, 11.8707485, 12.1760273, 11.3944225,  0.7816048,NOT_AVAILABLE,      0,true, 45, 44,     222.9915833333333239,      71.7214972222222258,     222.9908829498503167,      71.7215852080372542,p041c_stisnic_010.fits,  0,OK,G0,G0V,   5930.0,   4.35,   0.17,<0.44,   0.01,   3.10
P177D,1399559249961569792, 13.3235836, 13.6533146, 12.8240290,  0.8292856,NOT_AVAILABLE,      0,true, 36, 35,     239.8065791666666655,      47.6116416666666709,     239.8065252082623715,      47.6116472532485702,p177d_stisnic_011.fits,  1,OK,G0,G0V,   5680.0,   3.40,  -0.13,<1.00,   0.00,   3.10
P330E,1312054926303736704, 12.8499737, 13.1770039, 12.3583689,  0.8186350,NOT_AVAILABLE,      0,true, 55, 56,     247.8908874999999910,      30.1462222222222209,     247.8908392831041567,      30.1460494720658545,p330e_stiswfcnic_007.fits,  1,OK,G2V,G2V,   5840.0,   4.15,  -0.12,<0.76,   0.03,   3.10
SDSS132811,1551861813935664896, 17.1221733, 17.1113873, 17.1881485, -0.0767612,NOT_AVAILABLE,      0,true, 65, 67,     202.0479083333333392,      46.5141500000000008,     202.0470642085749375,      46.5140119301207875,sdss132811_stis_004.fits,  0,OK,DA,DA,      0.0,   0.00,   0.00,,   0.00,   0.00
SDSSJ151421,4419865155422033280, 15.8835049, 15.7748938, 16.1107731, -0.3358793,NOT_AVAILABLE,      0,true, 19, 20,     228.5886375000000044,       0.7980027777777777,     228.5886558694128610,       0.7978832459016985,sdssj151421_stis_005.fits,  0,OK,DA1.8,DA1.8,  28020.0,   8.70,   0.00,,   0.03,  99.00
SF1615+001A,4408086362237875072, 16.5747204, 16.9329395, 16.0186501,  0.9142895,NOT_AVAILABLE,      0,true, 28, 26,     244.5593333333333703,       0.0023916666666667,     244.5593426079586550,       0.0023427993625605,sf1615_001a_stisnic_011.fits,  0,OK,G0-5,G,   5830.0,   4.00,  -0.63,,   0.10,   3.10
SIGMA_ORI,3216486443742786048,  3.7901659,  3.6425619,  3.9755402, -0.3329782,VARIABLE,      0,true, 26, 26,      84.6865208333333328,      -2.6000777777777779,      84.6865224285471783,      -2.6000786610750604,sigori_stis_001.fits,  0,SAT,O9.5V+B0.2V(n),O9.5V+B0.2V,      0.0,   0.00,   0.00,,   0.00,   0.00
SIRIUS,none,  0.0000000,  0.0000000,  0.0000000,  0.0000000,none,      0,none,  0,  0,     101.2871541666666673,     -16.7161166666666645,       0.0000000000000000,       0.0000000000000000,sirius_stis_005.fits,  0,SAT,,A0V,   9850.0,   4.30,  99.99,,  99.99,  99.00
SNAP-2,1429541695100150656, 16.0641708, 16.4039898, 15.5502834,  0.8537064,NOT_AVAILABLE,      0,true, 38, 36,     244.9420958333333544,      55.5716277777777776,     244.9420726143500247,      55.5715798000031640,snap2_stiswfcnic_006.fits,  1,OK,G0-5,G0-5,   5760.0,   4.05,  -0.16,,   0.03,   3.10
VB8,4339417394313320192, 13.8132887, 17.0531693, 12.3241930,  4.7289762,NOT_AVAILABLE,      0,true, 60, 60,     253.8969000000000449,      -8.3946527777777771,     253.8932462714885787,      -8.3985230231148318,vb8_stiswfcnic_004.fits,  0,VAR/BIN,M7Ve,M7V,      0.0,   0.00,   0.00,,   0.00,   0.00
WD0148+467,356922880493142016, 12.4955883, 12.4696569, 12.5878105, -0.1181536,VARIABLE,      0,true, 36, 36,      28.0123416666666678,      47.0018472222222243,      28.0123719526466530,      47.0023898742371955,wd0148_467_stiswfc_001.fits,  0,OK,DA3.6,DA3.6,      0.0,   0.00,   0.00,,   0.00,   0.00
WD0227+050,2516322146457318144, 12.8205395, 12.7449713, 12.9962368, -0.2512655,NOT_AVAILABLE,      0,true, 25, 24,      37.5692833333333311,       5.2640833333333337,      37.5696248988565955,       5.2639734622049685,wd0227_050_stiswfc_002.fits,  1,OK,DA2.5,DA2.5,      0.0,   0.00,   0.00,,   0.00,   0.00
WD0308-565,4727581523318486912, 14.1032095, 14.0062389, 14.2750158, -0.2687769,NOT_AVAILABLE,      0,true, 53, 52,      47.4496583333333319,     -56.3970583333333337,      47.4508559745464922,     -56.3967617639867171,wd0308_565_stis_009.fits,  1,OK,DB,sdB,  22200.0,   8.04,  99.99,,  99.99,  99.00
WD0809+177,657056745624156416, 13.4290581, 13.3756266, 13.5516300, -0.1760035,VARIABLE,      0,true, 46, 44,     123.1575374999999752,      17.6170638888888895,     123.1578785777125660,      17.6166753877283568,wd0809_177_stiswfc_002.fits,  0,OK,DA,DA,      0.0,   0.00,   0.00,,   0.00,   0.00
WD1057+719,1074013923063975680, 14.7011976, 14.5412283, 15.0238276, -0.4825993,NOT_AVAILABLE,      0,true, 52, 48,     165.1426791666666531,      71.6341444444444448,     165.1420650835637787,      71.6340476522827316,wd1057_719_stisnic_011.fits,  1,OK,DA1.2,DA1.2,  41540.0,   7.55,   0.00,,   0.00,  99.00
WD1105-048,3788194488314248832, 13.0905704, 13.0450230, 13.2140388, -0.1690159,VARIABLE,      0,true, 28, 24,     166.9997916666666526,      -5.1572305555555555,     166.9995455705611676,      -5.1591990091838067,wd1105_048_stiswfc_002.fits,  0,OK,DA3,DA3,      0.0,   0.00,   0.00,,   0.00,   0.00
WD1105-340,5401688425816913920, 13.6999807, 13.6860476, 13.7713184, -0.0852709,VARIABLE,      0,true, 44, 41,     166.9495708333333255,     -34.3476361111111146,     166.9497850554006675,     -34.3488059807205062,wd1105_340_stiswfc_002.fits,  0,OK,DA3.6,DA3.6,      0.0,   0.00,   0.00,,   0.00,   0.00
WD1202-232,3489719481290397696, 12.7380886, 12.8429155, 12.5482512,  0.2946644,NOT_AVAILABLE,      0,true, 50, 51,     181.3611416666666685,     -23.5533722222222224,     181.3613440448652625,     -23.5523650308277759,wd1202_232_stiswfc_002.fits,  1,OK,DA5.7,DA5.7,      0.0,   0.00,   0.00,,   0.00,   0.00
WD1327-083,3630035787972473600, 12.3551092, 12.3233767, 12.4575386, -0.1341619,NOT_AVAILABLE,      0,true, 35, 33,     202.5568208333333189,      -8.5748527777777781,     202.5518263642616432,      -8.5769524694241603,wd1327_083_stiswfc_004.fits,  1,OK,DA3.5,DA3.5,      0.0,   0.00,   0.00,,   0.00,   0.00
WD1544-377,6009537829925128064, 13.0008078, 13.0359230, 12.9313536,  0.1045694,NOT_AVAILABLE,      0,true, 30, 29,     236.8750875000000065,     -37.9190166666666642,     236.8727004363526305,     -37.9199460609940147,wd1544_377_stiswfc_002.fits,  1,OK,DA4.8,DA4.8,      0.0,   0.00,   0.00,,   0.00,   0.00
WD1657+343,1337946019956816256, 16.4215260, 16.2604542, 16.7572575, -0.4968033,NOT_AVAILABLE,      0,true, 46, 45,     254.7129708333333156,      34.3148111111111049,     254.7130164180283032,      34.3146726076104187,wd1657_343_stiswfcnic_006.fits,  0,OK,DA.9,DA.9,  45810.0,   7.00,   0.00,,   0.00,  99.00
WD1713+695,1638563322306634368, 13.3278608, 13.2816744, 13.4495449, -0.1678705,VARIABLE,      0,true, 38, 35,     258.2753791666666530,      69.5237527777777728,     258.2746730693290829,      69.5222268658957603,wd1713_695_stiswfc_002.fits,  0,OK,DA3.2,DA3.2,      0.0,   0.00,   0.00,,   0.00,   0.00
WD1911+536,2140481412496465152, 13.2471437, 13.1889572, 13.3905773, -0.2016201,VARIABLE,      0,true, 37, 38,     288.2023583333333363,      53.7204027777777782,     288.2034452533698641,      53.7210062371116379,wd1911_536_stiswfc_001.fits,  0,OK,DA,DA,      0.0,   0.00,   0.00,,   0.00,   0.00
WD1919+145,4319908862597055232, 13.0189419, 12.9803782, 13.1257010, -0.1453228,NOT_AVAILABLE,      0,true, 41, 42,     290.4184083333333319,      14.6781666666666659,     290.4182563607856196,      14.6778304271878977,wd1919_145_stiswfc_001.fits,  1,OK,DA3.3,DA3.3,      0.0,   0.00,   0.00,,   0.00,   0.00
WD2039-682,6424566979354709248, 13.3394747, 13.2878809, 13.4688854, -0.1810045,NOT_AVAILABLE,      0,true, 60, 58,     311.0894124999999804,     -68.0892666666666599,     311.0915799648467441,     -68.0902800627277713,wd2039_682_stiswfc_001.fits,  1,OK,DA3.0,DA3.0,      0.0,   0.00,   0.00,,   0.00,   0.00
WD2117+539,2176116580055936512, 12.3932037, 12.3552694, 12.4958658, -0.1405964,NOT_AVAILABLE,      0,true, 55, 54,     319.7344333333332997,      54.2114555555555597,     319.7337822945517019,      54.2123152866866604,wd2117_539_stiswfc_002.fits,  1,OK,DA3.4,DA3.4,      0.0,   0.00,   0.00,,   0.00,   0.00
WD2126+734,2274076297221555968, 12.8873272, 12.8360052, 12.9889755, -0.1529703,NOT_AVAILABLE,      0,true, 38, 34,     321.7402333333333218,      73.6457416666666802,     321.7411073722627748,      73.6443447416998822,wd2126_734_stiswfc_002.fits,  0,OK,DA3.1,DA3.1,      0.0,   0.00,   0.00,,   0.00,   0.00
WD2149+021,2693940725141960192, 12.7767496, 12.7134771, 12.9301100, -0.2166328,NOT_AVAILABLE,      0,true, 25, 23,     328.1057458333333443,       2.3887722222222223,     328.1058138452950743,       2.3874354563680322,wd2149_021_stiswfc_001.fits,  1,OK,DA2.8,DA2.8,      0.0,   0.00,   0.00,,   0.00,   0.00
WD2341+322,2871730307948650368, 12.9669209, 12.9641352, 13.0074120, -0.0432768,NOT_AVAILABLE,      0,true, 37, 38,     355.9613375000000133,      32.5463138888888892,     355.9602000462695059,      32.5460473340951353,wd2341_322_stiswfc_004.fits,  1,OK,DA3.8,DA3.8,      0.0,   0.00,   0.00,,   0.00,   0.00
