SPSS_id,source_id,phot_g_mean_mag,phot_bp_mean_mag,phot_rp_mean_mag,bp_rp,phot_variable_flag,non_single_star,has_xp_continuous,phot_bp_n_obs,phot_rp_n_obs,bestfitFLAG,COMMENT,ra_or,dec_or, radr3, decdr3
        15,      1686708050268594944, 12.7722387, 12.6871138, 12.9656792, -0.2785654,VARIABLE,      0,true, 42, 41,  0,OK,     204.7103253777683278,      70.2854557382038934,     204.7050279142714828,      70.2853466792170849
        21,      2398029465700538880, 11.8875513, 12.2257204, 11.3708792,  0.8548412,NOT_AVAILABLE,      0,true, 19, 19,  0,OK,     343.1713550021341916,     -20.5938953916408316,     343.1713550021341348,     -20.5938953916407819
        22,      2405805697263561600, 14.0590935, 14.0566912, 14.0435543,  0.0131369,NOT_AVAILABLE,      0,true, 23, 21,  1,OK,     349.8974507755600030,     -17.0912404370499971,     349.8985763665459103,     -17.0911949757201818
        24,      3126052883671520896, 10.4152164, 10.4958506, 10.2256489,  0.2702017,VARIABLE,      0,true, 23, 23,  0,OK,     101.3057140985229125,       2.1374110488127775,     101.3057140985229125,       2.1374110488127798
       102,       572487740053132288, 13.1233358, 13.0440550, 13.2942114, -0.2501564,VARIABLE,      0,true, 41, 39,  0,OK,      25.3700044629799990,      83.5830081165299958,      25.3652256351945375,      83.5833855765008025
       115,      5757389920689415040, 11.7409897, 12.0667515, 11.2154465,  0.8513050,NOT_AVAILABLE,      0,true, 31, 31,  0,DMS,     134.7650089077208406,      -6.3983384472972222,     134.7650089077211248,      -6.3983384472972515
       116,      3853478472249151616, 12.2632504, 12.6138163, 11.7343912,  0.8794250,NOT_AVAILABLE,      0,true, 34, 33,  1,OK,     147.4649767026378981,       6.6098655773083328,     147.4653090868015681,       6.6084139421385473
       119,      3754712881779364992, 12.9995575, 12.8859196, 13.2501431, -0.3642235,NOT_AVAILABLE,      0,true, 21, 21,  0,OK,     158.4266179368658527,     -11.6941079122861105,     158.4266179368659664,     -11.6941079122860803
       122,      3817965105665685504, 11.1313877, 11.5360489, 10.5457411,  0.9903078,NOT_AVAILABLE,      0,true, 25, 23,  1,OK,     167.7499958292964095,       6.4198522946857004,     167.7474566575181143,       6.4175667493824333
       135,      4328293291578459392, 13.3990622, 13.2584362, 13.6836290, -0.4251928,NOT_AVAILABLE,      0,true, 32, 29,  0,OK,     244.4793764581058610,     -15.5985511238622223,     244.4793764581063158,     -15.5985511238621495
       149,      1871118140493076224, 13.0357943, 13.0057936, 13.1287975, -0.1230040,NOT_AVAILABLE,      0,true, 50, 49,  0,OK,     312.2788230257471014,      37.4712279654849993,     312.2788230257468172,      37.4712279654848572
       151,      6560067493827212544, 11.5978842, 11.4132824, 11.9562321, -0.5429497,NOT_AVAILABLE,      0,true, 73, 73,  0,OK,     333.5496565241800226,     -49.3242267745876006,     333.5497345456603284,     -49.3245230911316312
       155,      4994877094997259264, 12.8951883, 13.0022974, 12.6928167,  0.3094807,NOT_AVAILABLE,      0,true, 38, 37,  0,OK,       0.5446841568747000,     -43.1653862718505010,       0.5484242194982256,     -43.1684396182697085
       175,      5612710511362093184, 14.5165539, 14.3637590, 14.8277121, -0.4639530,NOT_AVAILABLE,      0,true, 55, 54,  0,OK,     110.8339062124850045,     -27.7894154756966678,     110.8339062124852603,     -27.7894154756967140
       181,      5242316444456199808, 13.5378408, 13.5078869, 13.6380301, -0.1301432,NOT_AVAILABLE,      0,true, 36, 33,  0,OK,     148.8453586756197922,     -71.3023245403223029,     148.8435514201755154,     -71.3027901729597176
       186,      5860131207828395648, 13.9216003, 14.0699167, 13.6495829,  0.4203339,NOT_AVAILABLE,      0,true, 45, 44,  0,OK,     186.6747223049800084,     -66.2059426146900023,     186.6747223049837316,     -66.2059426146946066
       196,      5923906524348891904, 13.5259371, 13.4845142, 13.6336927, -0.1491785,NOT_AVAILABLE,      0,true, 49, 45,  0,OK,     255.7347402308689084,     -53.2434905877526035,     255.7347230090335586,     -53.2441439998323389
       199,      2045444369069839744, 13.5816231, 13.4904957, 13.7835646, -0.2930689,VARIABLE,      0,true, 45, 46,  0,OK,     294.6175083188397252,      32.8888024192224009,     294.6171585042471861,      32.8882141721627832
       202,      6468623688724871808, 13.7391176, 13.6104612, 14.0015507, -0.3910894,VARIABLE,      0,true, 46, 45,  0,OK,     304.7278669079253177,     -57.3591005169412966,     304.7285032002685057,     -57.3591860668429518
       214,      1923682286712356992, 13.8881636, 13.8354263, 14.0212326, -0.1858063,NOT_AVAILABLE,      0,true, 84, 82,  0,OK,     352.9001436534958316,      41.0247524339024991,     352.9001436534956042,      41.0247524339026484
       218,      4922382445088509312, 14.2317352, 14.1542988, 14.3975439, -0.2432451,NOT_AVAILABLE,      0,true, 58, 57,  1,OK,      12.5162097268683343,     -52.1375068408947229,      12.5162097268682935,     -52.1375068408947584
       219,      5014009353235167744, 14.6963234, 14.5599337, 14.9750214, -0.4150877,NOT_AVAILABLE,      0,true, 63, 59,  0,OK,      17.0865387027177000,     -35.5782493406160967,      17.0863279873987643,     -35.5784807275053439
       223,       519815360648870144, 14.4105253, 14.2718992, 14.7027197, -0.4308205,NOT_AVAILABLE,      0,true, 53, 50,  0,OK,      27.7928361701722011,      67.6586810073203964,      27.7944788930818234,      67.6586803881211694
       237,      5353122722363361920, 14.1501942, 14.1194029, 14.2358685, -0.1164656,NOT_AVAILABLE,      0,true, 45, 46,  0,OK,     163.8063992089959129,     -55.3180997930670983,     163.8036880777044075,     -55.3169882797010786
       242,      1572889389701360384, 14.0762386, 13.9014063, 14.4146414, -0.5132351,NOT_AVAILABLE,      0,true, 58, 56,  1,OK,     183.3526604196059964,      53.0658976190886023,     183.3527161349219909,      53.0657262410808599
       247,      6070021243006871040, 14.4163437, 14.3405533, 14.5889101, -0.2483568,NOT_AVAILABLE,      0,true, 41, 41,  1,OK,     201.5398791233857878,     -51.6932610653300983,     201.5361962939627460,     -51.6933898267725667
       252,      1371872413302877568, 14.8054638, 14.7064571, 15.0021505, -0.2956934,NOT_AVAILABLE,      0,true, 54, 52,  1,OK,     238.7582978033931909,      35.2246237929330022,     238.7584203730664569,      35.2244517891275422
       254,      1326398777041821568, 14.6169033, 14.6732006, 14.5263186,  0.1468821,NOT_AVAILABLE,      0,true, 50, 51,  0,OK,     249.8659230764959887,      33.4228447904296999,     249.8658126663325447,      33.4207710617379519
       264,      6448025712768292992, 15.2260437, 15.0657921, 15.5447702, -0.4789782,NOT_AVAILABLE,      0,true, 50, 47,  1,OK,     301.0760673214713279,     -56.0466485644601988,     301.0766787888214822,     -56.0468162939748353
       270,      6462911897617050240, 14.2734442, 14.3406506, 14.1538229,  0.1868277,VARIABLE,      0,true, 41, 40,  0,OK,     319.9022189949560016,     -55.8373515042139985,     319.9056307295825263,     -55.8381994662525543
       281,      1921351390779081600, 14.8525381, 14.9594269, 14.6474209,  0.3120060,NOT_AVAILABLE,      0,true, 62, 60,  0,OK,     358.7357176492970439,      40.4558492358027806,     358.7357176492971575,      40.4558492358028232
       301,      2262849634963004416, 13.2455912, 13.2314234, 13.2542086, -0.0227852,VARIABLE,      0,true, 34, 34,  0,OK,     285.0427221831085944,      70.6642824260527931,     285.0438740245103872,      70.6665275390698753
       310,      2257815757199848960, 10.6247854, 10.9145279, 10.1787767,  0.7357512,VARIABLE,      0,true,262,263,  0,OK,     270.0089217106938122,      66.7652763721765012,     270.0088764190433608,      66.7653895109484949
       321,      2644497680105681920, 14.9751530, 15.0912161, 14.7660131,  0.3252029,NOT_AVAILABLE,      0,false, 27, 26,  0,OK,     352.6037112032445862,      -0.1597524192985000,     352.6037329737210371,      -0.1598219244157091
       323,      2541942588451597440, 15.0049238, 15.1173506, 14.7992640,  0.3180866,NOT_AVAILABLE,      0,true, 55, 53,  1,OK,       6.1609234234913997,      -1.1943802196230999,       6.1609249374759782,      -1.1943999740075939
       326,      1564096767011977728, 15.0188961, 15.1709452, 14.7438240,  0.4271212,VARIABLE,      0,true, 50, 47,  0,OK,     197.6336326029351937,      54.3093399318086014,     197.6336114824428023,      54.3093161667100404
       327,      2560771312759450496,  9.9073811, 11.1578493,  8.7973976,  2.3604517,NOT_AVAILABLE,      0,true, 27, 28,  0,OK,      25.8321966703579200,       4.3182553564299999,      25.8321966703578418,       4.3182553564299244
       335,      1472718211053416320,  9.7154951, 10.8408842,  8.6577053,  2.1831789,NOT_AVAILABLE,      0,true, 56, 52,  0,OK,     199.9171898470044937,      33.3465300785060990,     199.9156022823477485,      33.3458960259939730
       338,      1428427236986209024,  9.1397686, 10.3453484,  8.0498886,  2.2954597,VARIABLE,      0,true, 32, 34,  0,OK,     246.3525959952210940,      54.3041015182333027,     246.3558883328168179,      54.3033386656046204
       341,      1776317182780536064,  9.2582722, 10.4694586,  8.1615343,  2.3079243,VARIABLE,      0,false, 22, 22,  0,OK,     332.8753921032812855,      18.4261957407465999,     332.8769336203752687,      18.4269985655602149
       342,      2717105133036645760,  9.5422592, 10.6205444,  8.5115967,  2.1089478,NOT_AVAILABLE,      0,false, 21, 21,  0,OK,     338.2592768406844925,       9.3779776240992003,     338.2617011516252319,       9.3786049603432105
       344,      4659706918202567936,  9.6858730, 10.2123890,  8.9914207,  1.2209682,NOT_AVAILABLE,      0,true,243,227,  0,ChP,      89.1990461024895893,     -66.6512954015050099,      89.1990461024895325,     -66.6512954015049388
       345,      4659680529922228096, 10.2933502, 10.4912004,  9.9619207,  0.5292797,NOT_AVAILABLE,      0,true, 37, 37,  0,OK,      89.8890579895029163,     -67.0203677057111094,      89.8890579895031010,     -67.0203677057110951
       351,      3348071528591318272, 13.5240107, 13.8984928, 12.9803429,  0.9181499,NOT_AVAILABLE,      0,true, 28, 28,  1,OK,      88.0757357573348969,      15.8645975932058008,      88.0757465820658325,      15.8645595043943626
       352,      5020116556211470848, 12.8912344, 14.3627243, 11.7068663,  2.6558580,NOT_AVAILABLE,      0,true, 46, 47,  0,OK,      31.7777220536095797,     -30.4070142039847191,      31.7777220536097467,     -30.4070142039845699
         1,       266077145295627520, 11.7184420, 11.5464220, 12.0706959, -0.5242739,NOT_AVAILABLE,      0,true, 39, 39,  1,OK,      76.3776688394674892,      52.8306735144627808,      76.3776688394675460,      52.8306735144628661
         2,      3348071631670500736, 12.9997692, 12.8530951, 13.3054075, -0.4523125,NOT_AVAILABLE,      0,true, 26, 26,  1,OK,      88.1154373030649936,      15.8862393152327765,      88.1154373030648799,      15.8862393152329133
         3,      3944400490365194368, 13.3109264, 13.1507225, 13.6322451, -0.4815226,NOT_AVAILABLE,      0,true, 51, 50,  1,OK,     194.2594929277541667,      22.0303852601561090,     194.2594929277544793,      22.0303852601561303
         6,      3251244858154433536, 14.0225105, 13.8572149, 14.3397341, -0.4825191,NOT_AVAILABLE,      0,true, 41, 39,  1,OK,      57.2094843699641658,      -0.9763603962605556,      57.2094843699643363,      -0.9763603962606229
         7,      3304090857318319232, 13.8869152, 13.7993555, 14.0805979, -0.2812424,VARIABLE,      0,true, 32, 33,  0,OK,      63.1817478726670885,      11.8632007465794445,      63.1817478726670956,      11.8632007465794231
         8,      5639391810273308416, 11.8223953, 11.9007273, 11.6703167,  0.2304106,NOT_AVAILABLE,      0,true, 58, 57,  0,OK,     130.3795013563220664,     -32.9364949656499988,     130.3795013563218390,     -32.9364949656500769
        11,       781164326766404736, 11.1069555, 10.9302731, 11.4196196, -0.4893465,NOT_AVAILABLE,      0,true, 53, 52,  0,OK,     159.9031506339320856,      43.1024453451563900,     159.9031506339322561,      43.1024453451563474
        12,      5332606522595645952, 11.4231043, 11.5157652, 11.2300177,  0.2857475,NOT_AVAILABLE,      0,true, 44, 44,  0,OK,     176.4566466173008337,     -64.8430528461019406,     176.4566466173009189,     -64.8430528461019975
        13,      3959631234670040704, 10.4618702, 10.3044090, 10.7623663, -0.4579573,NOT_AVAILABLE,      0,true, 54, 54,  0,OK,     189.3479914115608551,      25.0665089918474990,     189.3479914115614804,      25.0665089918475736
        17,      6749419923164242816, 12.2587872, 12.2149935, 12.3702631, -0.1552696,NOT_AVAILABLE,      0,true, 35, 35,  1,OK,     302.7351163460641601,     -30.2196160971713859,     302.7351163460641033,     -30.2196160971714178
        19,      2693940725141960192, 12.7767496, 12.7134771, 12.9301100, -0.2166328,NOT_AVAILABLE,      0,true, 25, 23,  1,OK,     328.1058138452950175,       2.3874354563680553,     328.1058138452950743,       2.3874354563680322
        23,      2633603478379307904, 11.7725210, 11.6137171, 12.1028080, -0.4890909,NOT_AVAILABLE,      0,true, 27, 27,  1,OK,     349.9932939389358353,      -5.1656057255894448,     349.9932939389364037,      -5.1656057255894936
        27,      3935488605023787392, 11.7547359, 11.5737228, 12.1079950, -0.5342722,NOT_AVAILABLE,      0,true, 51, 50,  1,OK,     190.4657916507547100,      17.5221529352090997,     190.4657582333006189,      17.5219872561337588
        30,      3657546118655166080, 10.2168264, 10.1115379, 10.3891163, -0.2775784,NOT_AVAILABLE,      0,true, 25, 24,  0,OK,     209.7131960145141818,      -2.9144582344944445,     209.7131960145144944,      -2.9144582344944725
        32,      4416639085227405952,  8.9578781,  9.1512909,  8.6080990,  0.5431919,NOT_AVAILABLE,      0,true, 23, 22,  1,OK,     234.2003992440920683,      -0.2518577364725000,     234.2003992440918978,      -0.2518577364725347
        33,      6210089815971933056, 11.6325846, 11.9164066, 11.1755638,  0.7408428,NOT_AVAILABLE,      0,true, 27, 27,  1,OK,     234.7473508223520753,     -28.5943910799838861,     234.7473508223519332,     -28.5943910799837973
        35,      1634280312200704768, 13.4711504, 13.6078463, 13.2368307,  0.3710155,VARIABLE,      0,true,105,105,  0,Var,     265.7687029043779035,      66.9171161332908326,     265.7687029043779603,      66.9171161332906621
        36,      2161093682102883712, 12.2869501, 12.3421392, 12.1827669,  0.1593723,NOT_AVAILABLE,      0,true, 42, 39,  0,OK,     271.3719642653541086,      64.4645243997880613,     271.3719642653538813,      64.4645243997881323
        37,      2160839724980689408, 11.7166319, 11.8057041, 11.5481720,  0.2575321,NOT_AVAILABLE,      0,true, 37, 37,  0,OK,     273.0399037735449497,      63.4950776393341698,     273.0399037735449497,      63.4950776393342693
        38,      5006170763042068480, 11.0994148, 11.3488789, 10.6879845,  0.6608944,NOT_AVAILABLE,      0,true, 36, 36,  0,OK,      10.4455009663923999,     -33.6523416795480017,      10.4454101871489105,     -33.6524253167095964
        39,      5024640977840398848, 11.3427067, 11.6511641, 10.8538551,  0.7973089,NOT_AVAILABLE,      0,true, 57, 57,  1,OK,      28.7110174709712496,     -27.4776256173149989,      28.7110174709711465,     -27.4776256173150664
        41,      5444093531284061568, 12.0156851, 12.2929316, 11.5675411,  0.7253904,NOT_AVAILABLE,      0,true, 65, 64,  0,OK,     158.0553180217291640,     -35.6282731876391665,     158.0553180217288514,     -35.6282731876391736
        43,      1399559249961569792, 13.3235836, 13.6533146, 12.8240290,  0.8292856,NOT_AVAILABLE,      0,true, 36, 35,  0,OK,     239.8065252082620589,      47.6116472532486128,     239.8065252082623715,      47.6116472532485702
        44,      1312054926303736704, 12.8499737, 13.1770039, 12.3583689,  0.8186350,NOT_AVAILABLE,      0,true, 55, 56,  0,OK,     247.8908849319977890,      30.1462214954210985,     247.8908392831041567,      30.1460494720658545
        45,      1633294634388508416, 13.0450420, 13.5367765, 12.3948870,  1.1418896,NOT_AVAILABLE,      0,true,111,110,  1,OK,     268.8175893475600446,      66.1698623451299994,     268.8175893475595331,      66.1698623451300421
        47,      1633376204407124352, 13.6196899, 14.2293158, 12.8753948,  1.3539209,NOT_AVAILABLE,      0,true,251,244,  1,OK,     269.6583177662349726,      66.7811227079222220,     269.6583177662346884,      66.7811227079220657
        48,      2257926365492000768, 13.3141975, 13.8684750, 12.6170073,  1.2514677,NOT_AVAILABLE,      0,true,119,113,  0,OK,     271.0162243579526944,      66.9288360367531965,     271.0162201814762284,      66.9288382157053832
        50,      4201781696994073472, 12.2534933, 12.2560062, 12.2192173,  0.0367889,NOT_AVAILABLE,      0,true, 22, 21,  0,OK,     290.1452376415207937,      -7.6674043043422229,     290.1452376415211916,      -7.6674043043423437
       103,       318506871931567616, 12.7033577, 13.1695051, 12.0703650,  1.0991402,NOT_AVAILABLE,      0,true, 29, 29,  1,OK,      26.5153628687139005,      35.9134931673230966,      26.5158649435294187,      35.9117975338209874
       104,       356922880493142016, 12.4955883, 12.4696569, 12.5878105, -0.1181536,VARIABLE,      0,true, 36, 36,  0,OK,      28.0123416800933995,      47.0018475423775968,      28.0123719526466530,      47.0023898742371955
       106,      4613863502423915008, 10.1651735, 10.7380848,  9.4459085,  1.2921762,NOT_AVAILABLE,      0,true, 40, 41,  0,OK,      47.4997316138724983,     -84.7225312513305937,      47.5003993290422173,     -84.7224864593999030
       109,      2941993086693170176, 12.0406208, 11.9298439, 12.2552195, -0.3253756,NOT_AVAILABLE,      0,true, 99, 95,  0,OK,      91.5558439367333392,     -20.3520967052652786,      91.5558439367334813,     -20.3520967052652253
       110,      5575007845317435648, 12.0232868, 11.8468275, 12.3849850, -0.5381575,NOT_AVAILABLE,      0,true, 41, 40,  0,OK,      95.8029496345604343,     -37.6911345501719381,      95.8029496345606333,     -37.6911345501719524
       112,       943770757800160384, 12.0560656, 11.9635401, 12.2588120, -0.2952719,NOT_AVAILABLE,      0,true, 22, 21,  0,OK,     101.9070034261299895,      37.5116828235925013,     101.9070034261302027,      37.5116828235923663
       113,       990352495624317568, 11.9508581, 11.9843616, 11.8766603,  0.1077013,NOT_AVAILABLE,      0,true, 35, 34,  0,OK,     109.4011048600505944,      58.4056958553290997,     109.4012714571823324,      58.4055390900339191
       118,      1052266579499163392, 12.6287613, 13.0037489, 12.0767956,  0.9269533,NOT_AVAILABLE,      0,true, 56, 56,  0,BIN,     157.2015666786332986,      62.9957201137978018,     157.2033621701145307,      62.9946399532017907
       121,      3788194488314248832, 13.0905704, 13.0450230, 13.2140388, -0.1690159,VARIABLE,      0,true, 28, 24,  0,OK,     166.9995455705608549,      -5.1591990091838893,     166.9995455705611676,      -5.1591990091838067
       124,      4019458647338779648, 12.4922094, 12.4045238, 12.6926079, -0.2880840,VARIABLE,      0,true, 28, 29,  0,OK,     174.2712672777236094,      29.7995246503025015,     174.2705107313152553,      29.7994689522560989
       129,      3520997013687539712,  9.7360506, 10.3515129,  8.9838924,  1.3676205,NOT_AVAILABLE,      0,true, 29, 30,  1,OK,     183.5439312638508227,     -17.2389957059608356,     183.5439312638509080,     -17.2389957059608854
       130,      3685507214745543040, 12.5826693, 13.0025702, 11.9890699,  1.0135002,VARIABLE,      0,true, 33, 32,  0,OK,     195.5066123236220790,      -2.0915559934230559,     195.5066123236219369,      -2.0915559934231771
       132,      6335641365117256192, 11.8034487, 12.1768513, 11.2528696,  0.9239817,NOT_AVAILABLE,      0,true, 25, 25,  0,OK,     227.4420438776929245,      -4.7539347333391664,     227.4420438776926119,      -4.7539347333391477
       133,      1639946061258413312, 12.5642805, 12.8946962, 12.0536661,  0.8410301,NOT_AVAILABLE,      0,true, 61, 59,  1,OK,     236.5590909302850093,      62.4436313822572160,     236.5590909302848956,      62.4436313822572657
       134,      4412702764879270656, 10.6150904, 10.9560757, 10.0903959,  0.8656797,NOT_AVAILABLE,      0,true, 40, 39,  0,OK,     239.5771722176308174,       2.0506258316663888,     239.5771722176306184,       2.0506258316664581
       136,      1406378695954996352, 11.1000843, 11.4816341, 10.5376396,  0.9439945,NOT_AVAILABLE,      0,true, 43, 43,  1,OK,     247.0686330344928763,      44.6742195149161105,     247.0686330344927626,      44.6742195149161034
       139,      4569481097095820032,  8.7184038,  9.0891657,  8.1561069,  0.9330587,NOT_AVAILABLE,      0,true, 71, 69,  0,ChP,     263.1718208309841884,      23.7361711079102804,     263.1718208309840179,      23.7361711079101596
       144,      4319908862597055232, 13.0189419, 12.9803782, 13.1257010, -0.1453228,NOT_AVAILABLE,      0,true, 41, 42,  1,OK,     290.4182563607862448,      14.6778304271877769,     290.4182563607856196,      14.6778304271878977
       145,      4296558843393685632, 10.5041418, 10.9269361,  9.9013920,  1.0255442,NOT_AVAILABLE,      0,true, 47, 48,  0,OK,     297.9560324258750370,       5.6117520676072221,     297.9560324258752075,       5.6117520676072532
       146,      1831553382794173824, 11.5365744, 11.4483452, 11.7237778, -0.2754326,NOT_AVAILABLE,      0,true, 42, 42,  1,OK,     308.5892070602341732,      25.0613155643197238,     308.5892070602339459,      25.0613155643195924
       147,      4228176122142169600, 10.4032402, 10.7272472,  9.9028692,  0.8243780,NOT_AVAILABLE,      3,true, 44, 44,  0,BIN,     310.0677334701541668,       0.5548436006700000,     310.0677334701536552,       0.5548436006700769
       153,      2011130908940738304, 12.4729042, 12.8888044, 11.8820181,  1.0067863,NOT_AVAILABLE,      0,true, 51, 51,  0,OK,     355.3520591751915276,      59.4096990799233993,     355.3524983619574868,      59.4087113091183241
       156,      2874319284171715968, 13.7584047, 13.5923786, 14.0815468, -0.4891682,NOT_AVAILABLE,      0,true, 64, 59,  1,OK,       1.8840008991745834,      33.2907274995141620,       1.8840008991747801,      33.2907274995142757
       158,      2323394345824851584, 13.6196680, 13.9815788, 13.0863638,  0.8952150,VARIABLE,      0,true, 35, 34,  0,OK,       5.3780863553962490,     -26.4365055072963884,       5.3780863553962348,     -26.4365055072962640
       160,      5027329077612492928, 16.5293140, 17.2493553, 15.7048502,  1.5445051,NOT_AVAILABLE,      0,true, 58, 57,  0,OK,      16.6952377718533000,     -32.8868296667285023,      16.6953189406829097,     -32.8868366003313568
       164,       458558784733311232, 13.6403837, 13.5427065, 13.8507042, -0.3079977,NOT_AVAILABLE,      0,true, 54, 51,  1,OK,      34.3896938185233978,      57.1131529621959970,      34.3910944078167660,      57.1130477635602674
       165,       446003598888454400, 13.4599714, 13.9834442, 12.7678747,  1.2155695,NOT_AVAILABLE,      0,true, 44, 43,  0,OK,      49.3472525491815972,      52.2950700152517030,      49.3492384054950932,      52.2946040431360331
       171,       268550015665098880, 13.0254765, 13.3982401, 12.4750185,  0.9232216,NOT_AVAILABLE,      0,true, 36, 36,  1,OK,      86.1814404713285995,      56.2584421500071983,      86.1817986244751637,      56.2570486292207264
       174,       987911506794398976, 12.8087215, 13.1346502, 12.3054171,  0.8292332,NOT_AVAILABLE,      0,true, 38, 37,  0,OK,     105.8609307698370827,      54.8674411475269466,     105.8609307698366848,      54.8674411475269181
       183,       861050512312844672, 13.8192806, 13.7472715, 13.9807968, -0.2335253,NOT_AVAILABLE,      0,true, 60, 56,  0,OK,     166.9282267506289088,      59.9749048456180986,     166.9265132519387294,      59.9741630175531384
       191,      1272306378368710528, 13.3065834, 13.7000914, 12.7263470,  0.9737444,NOT_AVAILABLE,      0,true, 99, 93,  1,OK,     233.8796230026420915,      27.8498895181724997,     233.8796230026422620,      27.8498895181724855
       193,      1384866854036828032, 13.8495045, 13.8488016, 13.8805304, -0.0317287,NOT_AVAILABLE,      0,true, 47, 45,  1,OK,     242.0916863288591685,      42.0959059912202775,     242.0916863288587138,      42.0959059912202989
       194,      1331106782752978688, 13.7830753, 13.8481426, 13.6607246,  0.1874180,NOT_AVAILABLE,      0,true, 50, 47,  1,OK,     247.1014373594070719,      36.7743872653758359,     247.1014373594074698,      36.7743872653757293
       201,      6443328221136801920, 13.3137865, 13.1517239, 13.6353703, -0.4836464,NOT_AVAILABLE,      0,true, 36, 35,  0,OK,     302.2742906192320902,     -60.4287890717388834,     302.2742906192320334,     -60.4287890717389615
       203,      2064272612307218176, 13.3736963, 13.2593813, 13.6091757, -0.3497944,NOT_AVAILABLE,      0,true, 48, 48,  0,OK,     307.4840820051832111,      39.2256108659342004,     307.4849244500841792,      39.2260160454913205
       204,      6424566979354709248, 13.3394747, 13.2878809, 13.4688854, -0.1810045,NOT_AVAILABLE,      0,true, 60, 58,  1,OK,     311.0915799648470852,     -68.0902800627277713,     311.0915799648467441,     -68.0902800627277713
       205,      2166111956258599680, 13.0201378, 12.8692808, 13.3270245, -0.4577436,NOT_AVAILABLE,      0,true, 48, 44,  0,OK,     318.1841336258870570,      50.1048957083908348,     318.1841336258873412,      50.1048957083906998
       208,      1848336633214247808, 13.8190365, 13.6539078, 14.1501923, -0.4962845,VARIABLE,      0,true, 52, 50,  0,OK,     321.2423531816053810,      28.4340628553514989,     321.2421189040031209,      28.4338311864006990
       209,      2300234782654298624, 13.0465126, 12.9795227, 13.1974068, -0.2178841,VARIABLE,      0,true, 37, 36,  0,OK,     323.4304579505117090,      83.0590087747754069,     323.4408604164548819,      83.0615306221829286
       211,      1792830060723673472, 13.1746721, 13.2524643, 13.0188046,  0.2336597,NOT_AVAILABLE,      0,true, 30, 30,  1,OK,     325.6697900500420815,      20.9965916876838889,     325.6697900500423657,      20.9965916876839742
       217,       418491412783587200, 13.9980354, 14.0096483, 13.9463253,  0.0633230,NOT_AVAILABLE,      0,true, 72, 74,  1,OK,      10.3443441044195836,      55.8353417302783370,      10.3443441044194095,      55.8353417302783512
       220,      5037084872486444928, 14.9600754, 15.1200247, 14.6621456,  0.4578791,NOT_AVAILABLE,      0,true, 47, 50,  0,OK,      21.3531097516566675,     -26.0146783675608333,      21.3531097516566035,     -26.0146783675607800
       221,       532196686212705536, 14.2348852, 14.6750612, 13.6164722,  1.0585890,NOT_AVAILABLE,      0,true, 54, 54,  0,OK,      24.6667626900441661,      69.6334849895572319,      24.6667626900442940,      69.6334849895573313
       224,       466384799259137920, 14.9914074, 15.0187864, 14.9547787,  0.0640078,NOT_AVAILABLE,      0,true, 59, 59,  0,OK,      46.5695530126916992,      62.3729020927879034,      46.5701238829926183,      62.3724043380529665
       230,      3022956969731332096, 14.2366724, 14.7266407, 13.5929832,  1.1336575,NOT_AVAILABLE,      0,true, 57, 57,  1,OK,      88.7897103651180970,      -4.1686292598853001,      88.7920955577364737,      -4.1789270915525885
       234,       850146827299032704, 14.4378977, 14.2676544, 14.7633228, -0.4956684,NOT_AVAILABLE,      0,true, 50, 46,  1,OK,     158.0416105620568885,      53.4931591868470022,     158.0411724557851585,      53.4930536420220690
       236,       854393484803051776, 14.5741625, 14.4293289, 14.8590298, -0.4297009,NOT_AVAILABLE,      0,true, 82, 78,  0,OK,     161.1911603396648047,      57.7433329338129013,     161.1904509313851293,      57.7435840571950152
       248,      1478363619145920640, 13.9980021, 13.9280682, 14.1633749, -0.2353067,VARIABLE,      0,true, 47, 44,  0,OK,     212.6123504769449823,      32.1421819602913885,     212.6123504769453234,      32.1421819602913672
       250,      1276688069644366592, 14.1438913, 14.1062431, 14.2397957, -0.1335526,NOT_AVAILABLE,      0,true, 66, 64,  1,OK,     227.8642337980400043,      32.0719163073366715,     227.8642337980401464,      32.0719163073367284
       259,      4524670913035545344, 13.8590517, 14.2985668, 13.2508116,  1.0477552,NOT_AVAILABLE,      0,true, 81, 82,  1,OK,     280.1212151030437667,      19.6006886053997249,     280.1212151030438804,      19.6006886053997249
       262,      6446197877766956800, 14.3862295, 14.3087502, 14.5589905, -0.2502403,NOT_AVAILABLE,      0,true, 47, 46,  0,OK,     289.6866343773821200,     -59.7762897672886098,     289.6866343773816084,     -59.7762897672887235
       269,      1841683423932168832, 14.6227751, 14.7433882, 14.3947306,  0.3486576,NOT_AVAILABLE,      1,true, 43, 40,  0,OK,     318.4413679526364831,      26.3592480287335995,     318.4418815620964551,      26.3575638035793425
       271,      1793946026371051648, 14.4849443, 14.4201717, 14.6391001, -0.2189283,VARIABLE,      0,true, 27, 23,  0,OK,     324.1500496024270888,      22.0759362908444459,     324.1500496024274867,      22.0759362908443890
       272,      1800298527816525824, 14.6056538, 14.5931969, 14.6021099, -0.0089130,NOT_AVAILABLE,      0,true, 28, 29,  1,OK,     327.4773609493062168,      28.2832198124227006,     327.4786143239450666,      28.2828828071157403
       276,      6404417771644764160, 14.4989700, 14.5325375, 14.4260416,  0.1064959,NOT_AVAILABLE,      0,true, 58, 56,  1,OK,     334.9534392022749785,     -65.4910593911147174,     334.9534392022752627,     -65.4910593911146606
       300,      2176116580055936512, 12.3932037, 12.3552694, 12.4958658, -0.1405964,NOT_AVAILABLE,      0,true, 55, 54,  1,OK,     319.7337822945520998,      54.2123152866866675,     319.7337822945517019,      54.2123152866866604
       304,      3406506723313874688, 12.5668364, 12.5292215, 12.6129694, -0.0837479,VARIABLE,      0,true, 40, 39,  0,OK,      72.5563420756901962,      17.7017218037528998,      72.5563125617689622,      17.7017575874344608
       305,      2810585920868186240, 13.0401039, 12.8685102, 13.3828888, -0.5143785,NOT_AVAILABLE,      0,true, 25, 23,  1,OK,     348.0906957185229089,      10.7844294599944437,     348.0906957185231363,      10.7844294599944561
       308,      3806885288337214848, 13.1676359, 12.9784460, 13.5405788, -0.5621328,VARIABLE,      0,true, 21, 21,  0,OK,     159.2654472889599901,      -0.1385175475916667,     159.2654472889596207,      -0.1385175475915731
       309,      1633585107317144960, 11.7669077, 11.8900509, 11.5464439,  0.3436069,NOT_AVAILABLE,      0,true, 35, 34,  0,OK,     269.3051437536857975,      67.0612637971274950,     269.3051437536860817,      67.0612637971275660
       311,      2161721571962091136, 10.4559422, 10.6669197, 10.0950785,  0.5718412,NOT_AVAILABLE,      1,true,138,139,  0,OK,     270.5455234498400614,      66.2073323921888885,     270.5455234498402319,      66.2073323921889596
       313,      4421525074384092032, 13.8126850, 14.3503466, 13.1192379,  1.2311087,NOT_AVAILABLE,      0,true, 18, 17,  1,OK,     229.4110120054399999,       2.0402640569291663,     229.4110120054403410,       2.0402640569290829
       314,      3695913095870312576, 12.3612900, 12.8712034, 11.6961670,  1.1750364,NOT_AVAILABLE,      2,true, 57, 58,  0,BIN,     190.4219904648370800,      -0.4406065565088889,     190.4219904648370232,      -0.4406065565089159
       315,      3683915053189161728, 12.4488411, 12.7253094, 12.0178480,  0.7074614,NOT_AVAILABLE,      0,true, 44, 44,  1,OK,     191.1394021667908305,      -0.4310405986655556,     191.1394021667913989,      -0.4310405986655279
       320,       845789153480087936, 14.9437590, 15.1032352, 14.6633797,  0.4398556,NOT_AVAILABLE,      0,true, 56, 57,  1,OK,     174.5107306383479226,      57.4899192871249980,     174.5107306383484058,      57.4899192871250904
       324,      1487827631122772992, 14.9837198, 15.0812120, 14.8066902,  0.2745218,NOT_AVAILABLE,      0,true, 52, 52,  0,BSS,     217.4626383977570754,      39.4737411063658357,     217.4626383977565638,      39.4737411063659422
       328,      3277270538903180160, 10.2432041, 11.0426311,  9.3676958,  1.6749353,NOT_AVAILABLE,      0,true, 52, 52,  1,OK,      57.0502178794370849,       7.1462724156730557,      57.0502178794368504,       7.1462724156730175
       332,      3089711447388931584,  9.1331692, 10.3375902,  8.0399036,  2.2976866,NOT_AVAILABLE,      0,true, 27, 27,  1,OK,     124.0332554682696014,       1.3025736681475999,     124.0315830545756910,       1.3028427269823109
       334,      3943234217765374336, 11.5249271, 12.6948338, 10.4385862,  2.2562475,VARIABLE,      0,true, 42, 41,  0,OK,     196.7675246735529413,      20.8103815956236105,     196.7675246735525718,      20.8103815956236993
       336,      1503625448550796032,  9.4074650, 10.4584026,  8.3807564,  2.0776463,NOT_AVAILABLE,      0,true, 73, 71,  0,DMS,     204.8501543944749983,      46.1882193906255551,     204.8501543944748278,      46.1882193906256333
       339,      4519789321942643072,  9.8148832, 11.0123091,  8.7290020,  2.2833071,NOT_AVAILABLE,      0,true, 57, 56,  1,OK,     286.7709107522999830,      20.8864875178788871,     286.7709107522999261,      20.8864875178788090
       340,      4519789081415296128,  9.8053284, 11.0053434,  8.7184591,  2.2868843,NOT_AVAILABLE,      0,true, 54, 54,  1,OK,     286.8027296402771071,      20.8755384014847216,     286.8027296402767092,      20.8755384014846719
       343,      4227837442496206592, 15.0472565, 15.1846962, 14.7973518,  0.3873444,NOT_AVAILABLE,      0,true, 41, 38,  1,OK,     310.6766152448731759,      -0.5676953166568000,     310.6766365828576113,      -0.5677056576247226
       346,      4755812790042069888, 11.3078575, 11.6066351, 10.8437500,  0.7628851,NOT_AVAILABLE,      0,true, 34, 33,  0,OK,      89.9943363225400077,     -66.1024375344835988,      89.9943363225398514,     -66.1024375344834851
       347,      5476400477145058816, 10.8176346, 10.9154367, 10.6379490,  0.2774878,NOT_AVAILABLE,      0,true, 30, 30,  0,OK,      90.1722769588904214,     -66.0537054333949953,      90.1722769588902509,     -66.0537054333948817
       348,      5284204302730217984, 11.7856359, 12.0808554, 11.3278999,  0.7529554,NOT_AVAILABLE,      0,true,254,242,  1,OK,      90.5476076716683309,     -66.5830206024999995,      90.5476076716684304,     -66.5830206024999569
       350,      5006921282807193856,  9.8394794, 10.7615166,  8.8930092,  1.8685074,NOT_AVAILABLE,      0,true, 37, 36,  0,OK,      10.3751210516695824,     -33.6266803940238859,      10.3751210516696855,     -33.6266803940239498
